{"nodes":{"node:1000":{"location":{"x":60,"y":60}},"node:1001":{"location":{"x":290,"y":60}},"node:1002":{"location":{"x":520,"y":60}},"node:3000":{"location":{"x":80,"y":300}},"node:3001":{"location":{"x":340,"y":300}}},"selection":null,"view":{"scroll":{"x":-7.64186000823974609,"y":-225.728363037109375},"visible_rect":{"max":{"x":20.1880588531494141,"y":9.55491256713867188},"min":{"x":-0.188057273626327515,"y":-5.55491209030151367}},"zoom":40.6358108520507812}}